<?xml version="1.0" encoding="UTF-8"?>
<project-private xmlns="http://www.netbeans.org/ns/project-private/1">
    <editor-bookmarks xmlns="http://www.netbeans.org/ns/editor-bookmarks/2" lastBookmarkId="0"/>
    <open-files xmlns="http://www.netbeans.org/ns/projectui-open-files/2">
        <group>
            <file>file:/C:/Users/adhit/OneDrive/Documents/NetBeansProjects/super/src/AdminLogin.java</file>
            <file>file:/C:/Users/adhit/OneDrive/Documents/NetBeansProjects/super/src/Quickbill.java</file>
            <file>file:/C:/Users/adhit/OneDrive/Documents/NetBeansProjects/super/src/MyFrames/UpdateStock.java</file>
            <file>file:/C:/Users/adhit/OneDrive/Documents/NetBeansProjects/super/src/MyFrames/CreateBill.java</file>
            <file>file:/C:/Users/adhit/OneDrive/Documents/NetBeansProjects/super/src/MyFrames/ViewCashier.java</file>
            <file>file:/C:/Users/adhit/OneDrive/Documents/NetBeansProjects/super/build.xml</file>
            <file>file:/C:/Users/adhit/OneDrive/Documents/NetBeansProjects/super/src/MyFrames/AddCash.java</file>
            <file>file:/C:/Users/adhit/OneDrive/Documents/NetBeansProjects/super/src/MyFrames/ViewStock.java</file>
            <file>file:/C:/Users/adhit/OneDrive/Documents/NetBeansProjects/super/src/MyFrames/Cash.java</file>
            <file>file:/C:/Users/adhit/OneDrive/Documents/NetBeansProjects/super/src/MyFrames/Transaction.java</file>
            <file>file:/C:/Users/adhit/OneDrive/Documents/NetBeansProjects/super/src/MyFrames/PerPro.java</file>
            <file>file:/C:/Users/adhit/OneDrive/Documents/NetBeansProjects/super/src/MyFrames/Stock.java</file>
        </group>
    </open-files>
</project-private>
